E-COMMERCE SALES ANALYSIS DASHBOARD,,,,,,,,,,,,,,,
,,,,,,,,,,,,,,,
,,,,,,,,,,,,,,,
,"KEY PERFORMANCE INDICATORS (KPIs)
 Total Orders Processed: 274     Total Sales Revenue: ? 1,21,06,040.00     Total Profit Earned: ? 22,07,520.17     Average Order Value: ? 44,182.63",,,,,,,,,,,,,,
,,,,,,,,,,,,,,,
,,,,,,,,,,,,,,,
,,,,,,,,,,,,,,,
,,,,,,,,,,,,,,,
,,,,,,,,,,,,,,,
,,,,,,,,,,,,,,,
,,,,,,,,,,,,,,,
,,,,,,,,,,,,,,,
,,,,,,,,,,,,,,,
,,,,,,,,,,,,,,,
,,,,,,,,,,,,,,,
,,,,,,,,,,,,,,,
,,,,,,,,,,,,,,,
,,,,,,,,,,,,,,,
,,,,,,,,,,,,,,,
,,,,,,,,,,,,,,,
,,,,,,,,,,,,,,,
,,,,,,,,,,,,,,,
,,,,,,,,,,,,,,,
,,,,,,,,,,,,,,,
,,,,,,,,,,,,,,,
,,,,,,,,,,,,,,,
,,,,,,,,,,,,,,,
,,,,,,,,,,,,,,,
,,,,,,,,,,,,,,,
,,,,,,,,,,,,,,,
,,,,,,,,,,,,,,,
,,,,,,,,,,,,,,,
,,,,,,,,,,,,,,,
,,,,,,,,,,,,,,,
,,,,,,,,,,,,,,,
,,,,,,"BUSINESS INSIGHTS

1. West region generated the highest sales among all regions.

2. Home Office was the top-performing customer segment in terms of revenue.

3. Electronics was one of the strongest product categories based on sales performance.

4. Monthly sales showed fluctuations, indicating seasonal demand patterns.

5. No duplicate records or missing values were found during data cleaning

6. Sales calculations were validated using Quantity, Unit Price, and Discount values.

7. Pivot Tables and charts helped identify key trends in sales, profit, and customer behavior.

8. The dashboard provides an interactive view of business performance across regions, categories, and customer segments.",,,,,,,,,
,,,,,,,,,,,,,,,
,,,,,,,,,,,,,,,
,,,,,,,,,,,,,,,
,,,,,,,,,,,,,,,
,,,,,,,,,,,,,,,
,,,,,,,,,,,,,,,
,,,,,,,,,,,,,,,
,,,,,,,,,,,,,,,
,,,,,,,,,,,,,,,
,,,,,,,,,,,,,,,
,,,,,,,,,,,,,,,
,,,,,,,,,,,,,,,
,,,,,,,,,,,,,,,
,,,,,,,,,,,,,,,
Created By: Kashvendra Kumar | Excel Dashboard Project,,,,,,,,,,,,,,,
,,,,,,,,,,,,,,,
